,Date,Country,City,Cloudiness,Humidity,Lat,Lng,Max Temp,Wind Speed
0,1594439450,PF,teahupoo,75,61,-17.83,-149.27,80.6,10.29
1,1594439450,CN,urumqi,95,34,43.8,87.6,80.6,8.95
2,1594439451,RU,bolshaya izhora,90,93,59.94,29.58,60.01,4.47
3,1594439451,CA,cap-aux-meules,50,83,47.38,-61.86,63.25,10.87
4,1594439451,AR,comodoro rivadavia,75,56,-45.87,-67.5,41.0,16.11
5,1594439451,TO,vaini,75,78,-21.2,-175.2,73.4,12.75
6,1594439179,AR,ushuaia,20,94,-54.8,-68.3,32.0,4.7
7,1594439452,AU,esperance,90,66,-33.87,121.9,55.4,6.93
8,1594439452,RE,saint-philippe,20,82,-21.36,55.77,66.2,6.93
9,1594439452,PF,rikitea,56,65,-23.12,-134.97,67.98,15.88
10,1594439452,NO,korgen,44,93,66.08,13.82,46.0,3.09
11,1594439452,ZA,hermanus,96,86,-34.42,19.23,51.01,8.99
12,1594439452,PF,atuona,16,79,-9.8,-139.03,79.79,20.24
13,1594439452,NA,walvis bay,3,93,-22.96,14.51,54.0,4.7
14,1594439452,GL,qaanaaq,98,73,77.48,-69.36,43.14,8.9
15,1594439452,BR,arraial do cabo,45,76,-22.97,-42.03,69.73,18.05
16,1594439452,MV,hithadhoo,81,73,-0.6,73.08,83.84,9.6
17,1594439452,GT,champerico,87,89,14.3,-91.92,76.32,5.06
18,1594439452,RU,okhotsk,73,76,59.38,143.3,59.97,6.64
19,1594439452,BR,carutapera,78,93,-1.2,-46.02,75.02,5.5
20,1594439452,CK,avarua,24,78,-21.21,-159.78,75.2,3.36
21,1594439452,US,barrow,90,74,71.29,-156.79,37.4,9.17
22,1594439452,FO,vestmanna,51,87,62.16,-7.17,42.8,1.12
23,1594439452,AU,codrington,99,73,-38.27,141.97,54.36,5.17
24,1594439250,US,jamestown,40,94,42.1,-79.24,71.01,4.7
25,1594439452,NZ,mataura,22,82,-46.19,168.86,48.25,5.86
26,1594439452,CL,punta arenas,84,92,-53.15,-70.92,30.2,9.17
27,1594439452,CA,chapais,90,78,49.78,-74.85,73.4,6.93
28,1594439452,IS,hofn,90,83,64.25,-15.21,49.42,10.78
29,1594439453,MZ,xai-xai,15,69,-25.05,33.64,69.93,13.44
30,1594439453,CZ,dobsice,98,84,48.85,16.08,69.01,3.0
31,1594439430,AU,hobart,90,71,-42.88,147.33,50.0,9.17
32,1594439453,RU,ossora,98,85,59.24,163.07,54.0,7.18
33,1594439453,PT,lagoa,1,80,39.05,-27.98,68.09,11.95
34,1594439453,ZA,saldanha,73,81,-33.01,17.94,51.8,10.29
35,1594439409,AU,busselton,0,52,-33.65,115.33,57.0,11.65
36,1594439453,GM,nioro,93,75,13.35,-15.75,79.63,4.07
37,1594439453,MU,souillac,75,88,-20.52,57.52,66.2,18.34
38,1594439453,US,tooele,1,38,40.53,-112.3,78.8,5.82
39,1594439453,US,fairbanks,1,37,64.84,-147.72,66.2,12.75
40,1594439453,ZA,cape town,75,81,-33.93,18.42,53.01,18.34
41,1594439453,CN,yakeshi,95,32,49.28,120.73,83.71,16.75
42,1594439453,IS,husavik,40,87,66.04,-17.34,44.6,1.79
43,1594439453,US,fortuna,1,87,40.6,-124.16,62.01,10.29
44,1594439453,BR,maceio,40,94,-9.67,-35.74,71.6,4.7
45,1594439453,SJ,longyearbyen,75,81,78.22,15.64,46.4,20.8
46,1594439453,US,hampton,1,74,37.03,-76.35,84.99,10.29
47,1594439453,NZ,tuatapere,42,69,-46.13,167.68,51.12,8.23
48,1594439453,ZA,port elizabeth,75,50,-33.92,25.57,57.2,6.93
49,1594439453,RU,krasnyy chikoy,96,71,50.36,108.75,72.99,0.96
50,1594439454,ZA,bredasdorp,60,87,-34.53,20.04,51.8,18.34
51,1594439454,GL,upernavik,96,85,72.79,-56.15,42.4,8.7
52,1594439454,AR,rawson,18,67,-43.3,-65.1,39.88,13.33
53,1594439454,ZA,east london,5,51,-33.02,27.91,60.8,19.46
54,1594439454,CA,norman wells,75,71,65.28,-126.83,53.6,10.29
55,1594439454,US,bucyrus,90,88,40.81,-82.98,72.0,16.11
56,1594439454,IN,kavaratti,90,83,10.57,72.64,82.4,17.22
57,1594439454,BR,castro,0,90,-24.79,-50.01,51.69,4.0
58,1594439454,PE,huarmey,54,85,-10.07,-78.15,60.49,6.17
59,1594439454,RU,ust-maya,92,57,60.42,134.53,74.57,8.5
60,1594439208,HK,victoria,74,66,22.29,114.16,91.99,15.01
61,1594439454,PT,rabo de peixe,20,88,37.8,-25.58,62.6,3.36
62,1594439454,NO,berlevag,100,85,70.86,29.09,48.49,8.57
63,1594439454,RU,chokurdakh,9,41,70.63,147.92,67.15,9.33
64,1594439445,ID,bengkulu,4,62,-3.8,102.27,85.62,5.19
65,1594439454,AR,villa carlos paz,27,70,-31.42,-64.5,48.99,6.93
66,1594439454,DO,hato mayor,40,94,18.76,-69.26,78.01,4.74
67,1594439454,KZ,esil,38,49,51.96,66.4,78.28,5.86
68,1594439454,RU,severo-kurilsk,100,90,50.68,156.12,51.13,3.11
69,1594439415,US,duluth,1,60,46.78,-92.11,75.2,8.05
70,1594439455,ZA,port alfred,27,58,-33.59,26.89,60.01,11.01
71,1594439455,ID,pemangkat,87,65,1.17,108.97,84.18,1.99
72,1594439454,MV,kulhudhuffushi,100,73,6.62,73.07,83.68,6.87
73,1594439455,ID,kawalu,96,67,-7.38,108.21,82.02,3.85
74,1594439455,AO,soyo,78,82,-6.13,12.37,71.8,5.66
75,1594439298,US,nome,1,46,64.5,-165.41,72.0,17.22
76,1594439455,RU,petropavlovsk-kamchatskiy,75,88,53.05,158.65,64.4,11.18
77,1594439455,BR,diamantino,0,51,-14.41,-56.45,69.26,5.03
78,1594439455,US,kodiak,20,59,57.79,-152.41,64.4,11.41
79,1594439455,NC,vao,35,77,-22.67,167.48,68.13,22.03
80,1594439296,LR,monrovia,91,82,6.3,-10.8,76.46,12.12
81,1594439249,US,tallahassee,1,100,30.44,-84.28,77.0,2.86
82,1594439455,US,kapaa,1,69,22.08,-159.32,82.4,16.11
83,1594439455,US,ardmore,1,83,34.17,-97.14,80.01,3.36
84,1594439396,US,new haven,94,92,41.31,-72.93,73.99,11.01
85,1594439345,US,albany,99,92,42.6,-73.97,75.0,7.45
86,1594439455,EC,puerto ayora,78,96,-0.74,-90.35,66.99,4.0
87,1594439455,MY,paka,20,79,4.64,103.44,87.8,6.93
88,1594439455,NZ,bluff,69,74,-46.6,168.33,50.77,28.66
89,1594439455,CN,qiongshan,100,63,20.01,110.35,93.2,11.18
90,1594439455,MX,guerrero negro,29,61,27.98,-114.06,72.59,12.28
91,1594439455,RU,vostok,46,53,46.49,135.88,73.56,3.65
92,1594439455,IS,grindavik,90,100,63.84,-22.43,48.2,8.05
93,1594439455,MX,coahuayana,23,84,18.73,-103.68,78.8,1.39
94,1594439456,NE,diffa,32,59,13.32,12.61,82.69,11.97
95,1594439456,MN,ulaangom,85,35,49.98,92.07,77.76,6.93
96,1594439456,RU,dikson,38,79,73.51,80.55,44.28,15.39
97,1594439456,JP,hirara,40,66,24.8,125.28,89.6,11.41
98,1594439456,CN,simao,100,93,22.79,100.97,68.4,3.85
99,1594439456,MY,pontian kecil,20,74,1.48,103.39,89.01,5.82
100,1594439456,KI,butaritari,100,77,3.07,172.79,82.83,13.85
101,1594439456,RU,russkiy aktash,75,100,55.04,52.12,64.4,6.71
102,1594439456,CA,haines junction,100,62,60.75,-137.51,58.48,3.65
103,1594439351,JP,hasaki,75,66,35.73,140.83,87.8,18.34
104,1594439410,BR,boa vista,90,74,2.82,-60.67,80.6,1.12
105,1594439456,RU,provideniya,100,62,64.38,-173.3,58.26,5.37
106,1594439456,MX,san quintin,73,71,30.48,-115.95,70.27,8.43
107,1594439456,RU,nikolskoye,90,93,59.7,30.79,59.0,4.47
108,1594439456,PE,huayucachi,3,69,-12.13,-75.23,46.98,1.41
109,1594439456,GN,forecariah,97,94,9.43,-13.09,74.07,2.55
110,1594439456,ID,sibolga,56,56,1.74,98.78,86.34,3.31
111,1594439456,MX,talpa,4,60,28.83,-111.63,88.0,1.01
112,1594439456,PE,pisco,0,87,-13.7,-76.22,55.99,4.7
113,1594439456,AU,byron bay,40,73,-28.65,153.62,70.0,11.41
114,1594439457,MU,bambous virieux,75,88,-20.34,57.76,69.01,18.34
115,1594439457,AU,batemans bay,86,68,-35.72,150.18,61.0,1.01
116,1594439457,OM,salalah,90,94,17.02,54.09,80.6,8.05
117,1594439315,MY,georgetown,20,74,5.41,100.34,86.0,2.24
118,1594439349,BR,cururupu,24,96,-1.83,-44.87,74.32,3.67
119,1594439457,US,humboldt,1,87,40.67,-123.92,62.01,10.29
120,1594439457,GB,margate,0,79,51.38,1.39,55.99,1.99
121,1594439457,SO,bosaso,100,41,11.28,49.18,92.8,13.35
122,1594439457,GF,camopi,80,97,3.17,-52.32,71.51,1.99
123,1594439457,NA,opuwo,0,70,-18.06,13.84,39.49,4.72
124,1594439452,MX,mazatlan,90,70,23.22,-106.42,87.01,8.05
125,1594439457,BR,alta floresta,0,56,-9.88,-56.09,68.97,1.95
126,1594439457,CI,bonoua,20,94,5.27,-3.6,77.0,6.93
127,1594439318,US,hilo,90,58,19.73,-155.09,82.4,9.17
128,1594439457,BR,governador valadares,51,83,-18.85,-41.95,66.92,3.15
129,1594439457,RU,leningradskiy,22,70,69.38,178.42,46.24,15.28
130,1594439457,US,saint simons,1,89,31.14,-81.39,84.2,8.05
131,1594439457,CA,inuvik,75,66,68.35,-133.72,51.8,5.82
132,1594439457,GL,tasiilaq,0,93,65.61,-37.64,37.4,4.7
133,1594439457,ES,muros,0,78,42.78,-9.06,62.01,3.0
134,1594439457,NZ,kaitangata,15,47,-46.28,169.85,57.0,4.0
135,1594439457,US,kahului,20,45,20.89,-156.47,87.8,27.51
136,1594439458,RU,aykhal,40,56,66.0,111.5,68.0,8.95
137,1594439458,KZ,zhanakorgan,0,16,43.91,67.25,94.51,11.16
138,1594439458,IT,cabras,71,61,39.93,8.53,69.01,5.01
139,1594439458,AU,port augusta,90,81,-32.5,137.77,53.01,10.29
140,1594439458,BR,sao joao da barra,28,74,-21.64,-41.05,68.32,6.67
141,1594439458,NZ,ahipara,69,73,-35.17,173.17,57.04,6.91
142,1594439458,LK,kalmunai,87,67,7.42,81.82,84.7,1.99
143,1594439287,CA,sept-iles,75,88,50.2,-66.38,62.6,10.29
144,1594439458,CO,manaure,74,74,11.78,-72.44,81.52,19.17
145,1594439458,CN,wanning,100,71,18.8,110.4,88.39,13.98
146,1594439458,PR,vieques,40,78,18.43,-65.83,84.2,4.7
147,1594439458,AU,port hedland,0,15,-20.32,118.57,80.6,24.16
148,1594439458,NZ,te anau,87,77,-45.42,167.72,47.23,7.74
149,1594439458,BR,acarau,91,85,-2.89,-40.12,75.9,9.86
150,1594439458,GL,nanortalik,99,94,60.14,-45.24,43.29,0.85
151,1594439458,US,orange,20,64,33.7,-117.77,77.0,4.7
152,1594439458,FO,klaksvik,80,87,62.23,-6.59,42.8,1.12
153,1594439458,RO,sacueni,15,88,47.35,22.1,66.2,6.93
154,1594439319,US,goldsboro,1,88,35.38,-77.99,80.6,9.17
155,1594439458,MX,ixtapa,90,79,20.7,-105.2,86.0,5.82
156,1594439458,PG,kavieng,33,69,-2.57,150.8,85.64,10.78
157,1594439458,CA,la ronge,75,88,55.1,-105.28,62.6,3.36
158,1594439458,RU,ust-kulom,0,58,61.69,53.69,66.99,8.25
159,1594439459,ES,pinos puente,90,56,37.25,-3.75,70.0,0.87
160,1594439459,BB,bathsheba,40,74,13.22,-59.52,82.4,20.8
161,1594439459,JM,black river,20,79,18.03,-77.85,84.2,6.93
162,1594439293,MX,cabo san lucas,1,76,22.89,-109.91,84.99,3.0
163,1594439430,US,bethel,90,94,41.37,-73.41,71.6,10.29
164,1594439459,AU,new norfolk,100,74,-42.78,147.06,50.0,8.99
165,1594439459,SA,turayf,0,50,31.67,38.66,75.2,9.17
166,1594439459,IR,taft,0,21,31.75,54.21,82.4,4.7
167,1594439459,PT,ponta do sol,0,79,32.67,-17.1,69.01,3.8
168,1594439459,CL,lebu,77,72,-37.62,-73.65,48.16,7.09
169,1594439459,RU,cherskiy,15,62,68.75,161.3,61.18,13.0
170,1594439459,AU,robe,23,78,-37.18,139.75,53.08,3.87
171,1594439459,PH,basco,5,66,20.45,121.97,85.39,1.92
172,1594439322,US,hamilton,40,73,39.18,-84.53,78.01,6.93
173,1594439459,RU,tyret pervaya,42,52,53.67,102.31,77.4,4.38
174,1594439459,CA,whitehorse,75,58,60.72,-135.05,59.0,8.05
175,1594439459,IR,bandar-e anzali,75,88,37.47,49.46,77.0,4.94
176,1594439459,PT,ribeira grande,10,78,38.52,-28.7,68.25,10.45
177,1594439459,CA,yellowknife,20,56,62.46,-114.35,70.0,5.82
178,1594439459,BR,cidreira,9,73,-30.18,-50.21,58.24,5.1
179,1594439459,MV,thinadhoo,32,74,0.53,72.93,83.88,9.37
180,1594439459,CA,saint-augustin,79,94,51.23,-58.65,57.42,9.71
181,1594439460,RU,teguldet,4,45,57.31,88.17,67.59,6.24
182,1594439460,RU,solnechnyy,31,51,50.72,136.63,74.8,6.2
183,1594439460,KZ,kentau,0,17,43.52,68.51,90.41,11.5
184,1594439460,GR,skiathos,0,88,39.16,23.49,66.99,1.99
185,1594439460,IN,lunglei,100,98,22.88,92.73,75.99,5.86
186,1594439460,CN,bijie,100,84,27.31,105.29,74.5,2.77
187,1594439460,CF,berberati,100,99,4.26,15.79,68.14,4.25
188,1594439460,US,kenai,75,63,60.55,-151.26,66.2,9.17
189,1594439460,NU,alofi,38,73,-19.06,-169.92,77.0,18.34
190,1594439460,GA,mayumba,89,90,-3.43,10.66,71.82,5.35
191,1594439460,MX,mapastepec,100,86,15.43,-92.9,76.19,2.66
192,1594439460,CA,tuktoyaktuk,75,87,69.45,-133.04,42.8,11.41
193,1594439460,BR,rio grande,100,93,-32.03,-52.1,53.01,9.04
194,1594439460,RU,salym,3,50,60.06,71.48,73.24,5.75
195,1594439460,US,spearfish,0,76,44.49,-103.86,66.99,8.03
196,1594439460,BR,envira,98,89,-7.3,-70.22,71.51,1.07
197,1594439460,HN,barra patuca,41,82,15.8,-84.28,80.51,10.22
198,1594439460,CA,saint-pie,100,59,45.5,-72.9,81.0,5.99
199,1594439381,US,san ramon,1,18,37.78,-121.98,82.4,6.93
200,1594439460,MU,mahebourg,75,88,-20.41,57.7,66.2,18.34
201,1594439461,ML,tessalit,72,40,20.2,1.01,84.74,6.02
202,1594439461,ID,padang,88,59,-0.95,100.35,86.83,4.07
203,1594439461,MX,nombre de dios,28,38,23.85,-104.23,75.0,5.57
204,1594439461,AU,carnarvon,0,25,-24.87,113.63,73.4,14.99
205,1594439461,UY,chuy,100,89,-33.7,-53.46,50.18,9.33
206,1594439461,TZ,misasi,75,46,-3.0,33.08,71.6,13.87
207,1594439461,NO,vardo,64,84,70.37,31.11,49.5,5.97
208,1594439274,US,filadelfia,90,94,39.95,-75.16,73.99,11.41
209,1594439163,CA,aklavik,75,66,68.22,-135.01,51.8,5.82
210,1594439461,RU,medvezhyegorsk,98,95,62.92,34.47,52.43,5.06
211,1594439461,RU,nekhayevskiy,0,71,50.41,41.76,64.0,3.0
212,1594439461,BR,santa vitoria do palmar,100,91,-33.52,-53.37,50.88,8.68
213,1594439461,PH,dingle,100,63,11.0,122.67,89.1,2.26
214,1594439297,ID,lhokseumawe,97,63,5.18,97.15,85.46,2.1
215,1594439461,CA,flin flon,79,75,54.77,-101.86,62.19,5.14
216,1594439262,US,brownwood,75,52,31.71,-98.99,87.8,6.93
217,1594439462,PT,vila franca do campo,20,88,37.72,-25.43,62.6,3.36
218,1594439462,PE,sechura,51,77,-5.56,-80.82,64.0,8.66
219,1594439462,US,sitka,90,93,57.05,-135.33,55.4,8.05
220,1594439462,BR,conceicao do araguaia,14,63,-8.26,-49.26,74.61,0.22
221,1594439462,RU,talnakh,24,67,69.49,88.4,60.8,20.13
222,1594439462,CN,altay,30,33,47.87,88.12,76.93,6.46
223,1594439462,IN,mangrol,22,79,21.12,70.12,85.03,19.95
224,1594439462,CA,torbay,90,100,47.67,-52.73,52.0,8.05
225,1594439462,GL,narsaq,80,93,60.92,-46.05,44.6,3.36
226,1594439462,RU,osa,92,88,57.28,55.46,68.29,6.73
227,1594439462,FI,varkaus,40,87,62.32,27.87,55.4,2.24
228,1594439462,RU,sobolevo,44,92,54.43,31.9,62.85,14.7
229,1594439462,NZ,dunedin,17,52,-45.87,170.5,55.99,11.01
230,1594439462,CA,iqaluit,75,80,63.75,-68.51,41.0,8.05
231,1594439462,RU,khatanga,100,87,71.97,102.5,50.09,17.27
232,1594439462,RU,belaya gora,70,39,68.53,146.42,72.97,2.91
233,1594439462,CO,la macarena,98,97,2.18,-73.78,68.52,0.51
234,1594439462,MX,san patricio,13,86,19.22,-104.7,79.86,6.26
235,1594439463,DK,harboore,61,87,56.62,8.18,54.0,23.02
236,1594439463,AR,santa fe,57,94,-31.63,-60.7,52.0,5.97
237,1594439463,GT,ocos,40,100,14.51,-92.19,75.2,5.93
238,1594439463,IN,kunda,85,55,25.72,81.52,92.75,16.62
239,1594439463,CL,coihaique,40,93,-45.58,-72.07,33.8,6.93
240,1594439341,MX,lazaro cardenas,9,87,17.96,-102.2,80.28,6.44
241,1594439463,RU,saskylakh,100,43,71.92,114.08,73.11,22.91
242,1594439463,FR,abbeville,0,81,50.1,1.83,53.01,3.38
243,1594439463,GH,axim,100,86,4.87,-2.24,74.73,11.16
244,1594439463,NO,sorland,64,83,67.67,12.69,52.18,20.31
245,1594439463,BR,humberto de campos,80,92,-2.6,-43.46,75.16,5.91
246,1594439463,ET,sebeta,80,81,8.92,38.62,58.69,1.66
247,1594439463,PH,lucero,36,70,16.41,119.91,85.73,1.83
248,1594439463,CA,clyde river,20,57,70.47,-68.59,51.8,5.82
249,1594439229,TC,cockburn town,100,81,21.46,-71.14,83.16,21.79
250,1594439463,US,russell,1,88,32.35,-85.2,84.2,3.6
251,1594439463,ZA,de aar,98,74,-30.65,24.01,38.71,25.28
252,1594439464,CA,sioux lookout,75,64,50.1,-91.92,68.0,8.05
253,1594439464,NO,odda,86,87,60.07,6.55,50.0,1.01
254,1594439454,MX,acapulco,65,85,16.86,-99.89,82.0,8.86
255,1594439464,RU,pevek,100,71,69.7,170.31,54.25,7.36
256,1594439464,RU,glinka,59,89,54.64,32.88,62.02,13.2
257,1594439464,TD,biltine,97,64,14.53,20.92,78.64,13.31
258,1594439464,RU,ostrovnoy,0,61,68.05,39.51,58.98,16.69
259,1594439464,KM,mitsamiouli,0,69,-11.38,43.28,76.39,12.06
260,1594439464,RU,verkhoyansk,100,24,67.54,133.38,79.93,5.68
261,1594439464,PF,fare,4,76,-16.7,-151.02,78.08,19.69
262,1594439464,RU,plastun,41,64,44.76,136.29,66.76,9.55
263,1594439359,PE,iquitos,40,97,-3.75,-73.25,71.33,0.36
264,1594439464,ID,manado,20,70,1.49,124.85,84.2,2.24
265,1594439464,BR,riachao das neves,33,75,-11.75,-44.91,69.53,3.02
266,1594439464,RU,churapcha,91,48,62.0,132.43,77.83,11.05
267,1594439464,AR,general pico,8,64,-35.66,-63.76,39.65,5.73
268,1594439455,US,saint george,1,11,37.1,-113.58,100.4,9.17
269,1594439464,BR,caravelas,28,83,-17.71,-39.25,70.36,3.71
270,1594439464,MX,altar,74,41,30.7,-111.82,90.0,5.99
271,1594439464,SL,bonthe,89,86,7.53,-12.51,76.19,9.04
272,1594439465,CA,goderich,100,64,43.75,-81.72,78.01,1.01
273,1594439465,IS,olafsvik,100,91,64.89,-23.71,50.59,9.62
274,1594439465,AU,nelson bay,40,72,-32.72,152.15,66.0,5.82
275,1594439465,GR,lardos,20,88,36.09,28.02,75.2,11.41
276,1594439465,PY,tacuati,0,81,-23.45,-56.58,66.63,3.71
277,1594439465,CN,danjiangkou,100,88,32.54,111.51,73.09,10.22
278,1594439465,GL,ilulissat,98,81,69.22,-51.1,42.8,5.82
279,1594439465,RU,sosnovka,44,79,56.26,51.28,64.89,5.93
280,1594439465,IQ,balad,0,15,34.02,44.15,97.39,15.32
281,1594439465,NZ,kaeo,39,35,-35.1,173.78,60.01,5.99
282,1594439465,TL,airai,65,79,-8.93,125.41,69.3,5.39
283,1594439465,JP,shimoda,75,83,34.67,138.95,84.2,21.92
284,1594439465,ZA,kruisfontein,37,64,-34.0,24.73,48.87,12.19
285,1594439465,QA,doha,0,71,25.29,51.53,97.0,8.05
286,1594439465,US,gallup,1,14,35.53,-108.74,84.2,5.82
287,1594439465,CA,dawson creek,20,48,55.77,-120.24,66.2,6.93
288,1594439465,NP,birin,100,100,26.89,88.07,64.49,1.99
289,1594439466,CN,yumen,100,22,40.28,97.2,80.01,5.68
290,1594439271,AR,mar del plata,0,75,-38.0,-57.56,42.01,10.29
291,1594439466,CN,hailar,100,30,49.2,119.7,84.99,16.84
292,1594439466,ML,taoudenni,0,31,22.68,-3.98,91.69,10.18
293,1594439466,NO,geilo,74,84,60.53,8.21,39.99,6.51
294,1594439466,CA,thompson,40,67,55.74,-97.86,62.6,4.7
295,1594439393,NZ,christchurch,33,54,-43.53,172.63,55.99,3.36
296,1594439466,SD,umm kaddadah,31,55,13.6,26.69,81.12,11.39
297,1594439412,RU,krasnorechenskiy,100,66,44.63,135.35,67.19,2.66
298,1594439466,ZW,norton,0,78,-17.88,30.7,56.35,8.08
299,1594439466,RU,zdvinsk,0,68,54.7,78.66,69.33,8.75
300,1594439466,MY,lumut,20,70,4.23,100.63,87.8,3.36
301,1594439466,NA,aranos,3,86,-24.13,19.12,38.08,8.75
302,1594439466,KZ,batamshinskiy,0,39,50.56,58.27,84.2,6.71
303,1594439466,SE,kiruna,100,87,67.86,20.23,46.4,2.44
304,1594439466,BR,sao jose da coroa grande,42,83,-8.9,-35.15,74.86,9.95
305,1594439466,RU,zhigansk,90,46,66.77,123.37,72.73,18.57
306,1594439466,CN,dinghai,53,66,26.28,119.79,89.6,17.9
307,1594439466,NO,visnes,59,76,59.36,5.22,53.6,8.05
308,1594439467,PH,alugan,100,69,12.22,125.48,85.71,8.81
309,1594439467,PL,bilgoraj,8,89,50.54,22.72,66.0,4.76
310,1594439467,TR,afsin,0,45,38.25,36.91,71.06,3.56
311,1594439467,ID,nabire,19,62,-3.37,135.48,86.09,5.17
312,1594439276,US,healdsburg,1,44,38.61,-122.87,79.0,9.17
313,1594439467,LY,jalu,0,63,29.03,21.55,71.6,7.96
314,1594439181,AR,rio gallegos,68,79,-51.62,-69.22,24.8,12.75
315,1594439304,BO,santa cruz,0,88,-17.8,-63.17,68.0,16.11
316,1594439467,BR,manicore,54,66,-5.81,-61.3,75.76,2.21
317,1594439467,RU,egvekinot,97,72,66.32,-179.17,59.29,3.11
318,1594439467,ES,mahon,0,94,39.89,4.27,73.4,12.75
319,1594439296,US,cheyenne,1,8,41.14,-104.82,82.4,10.29
320,1594439467,GH,anloga,40,88,5.79,0.9,77.0,8.05
321,1594439467,GQ,luba,40,100,3.46,8.55,75.2,6.93
322,1594439467,IN,ginda,90,94,30.69,78.49,77.0,3.36
323,1594439467,BR,coruripe,34,83,-10.13,-36.18,73.17,8.5
324,1594439467,AR,goya,100,76,-29.14,-59.26,59.79,5.1
325,1594439360,US,hailey,5,13,43.52,-114.32,75.2,5.82
326,1594439467,AR,moron,85,87,-34.65,-58.62,48.99,3.36
327,1594439467,RU,chulman,36,35,56.85,124.91,87.6,7.23
328,1594439467,CN,jinxiang,51,71,22.86,115.7,88.14,14.07
329,1594439467,ES,arrecife,40,83,28.96,-13.55,69.8,17.22
330,1594439467,BJ,porto novo,20,94,6.5,2.6,77.0,9.17
331,1594439467,RE,saint-joseph,20,82,-21.37,55.62,62.6,6.93
332,1594439283,ID,tarakan,100,81,3.3,117.63,79.81,6.67
333,1594439468,IN,port blair,75,79,11.67,92.75,84.2,13.87
334,1594439468,CA,havre-saint-pierre,90,93,50.23,-63.6,62.6,9.17
335,1594439468,IN,dungarpur,92,74,23.83,73.72,83.23,15.1
336,1594439468,RU,svetlaya,22,73,46.54,138.33,62.08,8.7
337,1594439468,LY,nalut,0,36,30.33,10.85,74.14,10.54
338,1594439468,MX,valle de allende,88,32,26.93,-105.4,81.41,10.85
339,1594439468,FR,saint-francois,40,82,46.42,3.91,57.2,4.7
340,1594439469,OM,ruwi,100,59,23.6,58.55,93.2,3.36
341,1594439469,RU,beringovskiy,97,73,63.05,179.32,54.61,2.46
342,1594439469,BR,peabiru,0,91,-23.91,-52.34,55.99,5.41
343,1594439469,ES,llanes,85,98,43.42,-4.75,63.0,1.99
344,1594439469,CA,cochrane,1,63,51.18,-114.47,64.4,5.82
345,1594439470,RU,nizhniye vyazovyye,0,68,55.8,48.52,64.4,13.42
346,1594439470,RU,kozhva,100,85,65.11,57.05,60.89,10.2
347,1594439470,AU,mount gambier,75,93,-37.83,140.77,51.8,4.7
348,1594439470,CN,shizuishan,100,38,39.23,106.77,82.98,9.37
349,1594439470,AU,alice springs,2,39,-23.7,133.88,62.6,8.05
350,1594439470,RU,seymchan,14,48,62.88,152.43,70.72,13.02
351,1594439471,GA,port-gentil,100,87,-0.72,8.78,73.94,14.29
352,1594439471,PH,tambilil,75,66,5.96,124.67,86.0,4.7
353,1594439177,US,freeport,90,94,40.66,-73.58,73.99,23.04
354,1594439471,RU,mnogovershinnyy,92,73,53.94,139.92,59.77,4.03
355,1594439471,VN,tuy hoa,100,53,13.08,109.3,92.12,3.8
356,1594439472,AU,kununurra,93,28,-15.77,128.73,89.6,9.17
357,1594439472,LY,tukrah,0,76,32.53,20.58,72.32,6.26
358,1594439472,AU,stawell,95,80,-37.05,142.77,51.4,3.24
359,1594439472,CA,hinton,69,52,53.4,-117.59,58.8,3.78
360,1594439472,RU,pudozh,100,82,61.81,36.53,55.45,5.84
361,1594439472,SD,kutum,22,55,14.2,24.67,73.54,8.97
362,1594439472,ID,atambua,31,60,-9.11,124.89,82.47,3.15
363,1594439472,IR,kermanshah,20,22,34.31,47.06,75.2,2.24
364,1594439472,MX,puerto penasco,31,84,31.32,-113.53,84.0,5.99
365,1594439472,BR,belmonte,75,94,-15.86,-38.88,68.0,5.82
366,1594439472,NZ,hokitika,43,70,-42.72,170.97,52.39,6.31
367,1594439472,RU,batagay-alyta,100,30,67.8,130.41,75.06,10.8
368,1594439472,JP,nemuro,75,82,43.32,145.57,66.2,9.17
369,1594439472,IN,leh,4,34,34.17,77.58,59.36,5.99
370,1594439472,NE,agadez,0,13,19.75,10.25,85.75,12.46
371,1594439390,US,bend,0,45,44.06,-121.32,75.0,3.0
372,1594439472,MV,ugoofaaru,100,77,5.67,73.0,83.39,10.33
373,1594439472,NO,havoysund,100,93,71.0,24.66,46.4,10.29
374,1594439472,CL,ancud,75,87,-41.87,-73.82,45.0,23.04
375,1594439472,SS,tambura,80,95,5.6,27.47,67.26,2.37
376,1594439472,RU,tiksi,49,81,71.69,128.87,45.55,8.25
377,1594439473,ID,besuki,44,55,-7.73,113.7,86.02,4.27
378,1594439473,MR,adrar,0,36,20.5,-10.07,85.44,10.87
379,1594439473,ID,manggar,100,88,-2.88,108.27,77.52,10.74
380,1594439473,NG,abonnema,75,100,4.71,6.79,73.4,3.36
381,1594439473,JP,namie,100,94,37.48,141.0,80.01,2.59
382,1594439473,CN,huangmei,100,91,30.19,116.03,78.55,6.96
383,1594439473,RU,kem,0,66,64.96,34.58,57.34,10.92
384,1594439473,MN,darhan,100,58,49.49,105.92,70.56,4.7
385,1594439473,RU,tungor,93,78,53.38,142.96,57.33,7.18
386,1594439473,RU,letka,0,68,59.6,49.42,63.57,4.07
387,1594439473,CA,marystown,43,93,47.17,-55.15,53.85,6.98
388,1594439473,TR,samandag,23,83,36.08,35.98,77.0,14.99
389,1594439473,AR,necochea,0,86,-38.55,-58.74,35.01,5.01
390,1594439473,NO,roros,97,87,62.57,11.38,44.6,3.36
391,1594439473,JP,naze,75,84,28.37,129.48,87.8,12.75
392,1594439473,IR,damghan,1,39,36.17,54.35,78.19,4.21
393,1594439474,GL,qaqortoq,75,93,60.72,-46.03,44.6,3.36
394,1594439474,CA,bonavista,9,85,48.65,-53.11,52.0,4.0
395,1594439474,GL,sisimiut,69,87,66.94,-53.67,41.04,0.31
396,1594439474,BR,sao paulo de olivenca,98,91,-3.38,-68.87,72.73,0.85
397,1594439474,IN,mamallapuram,75,88,12.63,80.17,80.6,6.93
398,1594439474,MY,butterworth,20,74,5.4,100.36,86.0,2.24
399,1594439474,CA,port hardy,90,93,50.7,-127.42,57.2,2.24
400,1594439474,CV,sao filipe,4,85,14.9,-24.5,74.28,10.0
401,1594439474,NA,oranjemund,19,78,-28.55,16.43,54.39,8.75
402,1594439474,RU,teya,94,80,60.38,92.63,60.48,5.86
403,1594439474,AU,hervey bay,22,59,-25.3,152.85,77.0,1.01
404,1594439474,MX,concepcion de buenos aires,75,56,19.97,-103.27,73.4,6.93
405,1594439474,CL,constitucion,80,82,-35.33,-72.42,48.61,6.71
406,1594439474,OM,sur,52,52,22.57,59.53,91.85,3.6
407,1594439474,KZ,emba,0,35,48.83,58.14,88.27,6.08
408,1594439474,MU,grand gaube,82,71,-20.01,57.66,69.01,13.0
409,1594439474,PF,faanui,21,80,-16.48,-151.75,77.56,19.95
410,1594439474,PT,viseu,0,47,40.66,-7.91,73.99,8.99
411,1594439474,KZ,ushtobe,46,27,45.25,77.98,85.71,8.72
412,1594439474,ID,tebingtinggi,40,79,3.33,99.16,84.2,8.05
413,1594439475,RU,khilok,54,42,51.37,110.47,78.73,12.26
414,1594439475,JP,kaseda,75,83,31.42,130.32,80.6,14.99
415,1594439475,RU,seredka,90,93,58.16,28.19,62.6,4.47
416,1594439475,BR,cabedelo,7,87,-6.98,-34.83,74.52,12.33
417,1594439475,US,saint anthony,1,57,45.02,-93.22,77.0,4.7
418,1594439475,ID,tual,0,87,-5.67,132.75,79.54,15.17
419,1594439475,RU,lavrentiya,3,55,65.58,-171.0,54.41,4.38
420,1594439475,ID,katobu,99,84,-4.94,122.53,81.19,6.51
421,1594439475,SS,malakal,95,86,9.53,31.66,74.7,0.69
422,1594439475,RU,ayan,99,90,56.45,138.17,52.16,4.25
423,1594439475,RU,troitskoye,14,64,52.98,84.68,65.53,7.4
424,1594439475,HN,savannah bight,100,80,16.45,-85.85,83.23,24.4
425,1594439475,PK,gwadar,74,79,25.12,62.33,85.62,6.42
426,1594439475,DZ,constantine,6,45,36.37,6.61,68.0,4.7
427,1594439475,CL,vallenar,55,59,-28.57,-70.76,58.19,0.98
428,1594439475,AO,camabatela,37,89,-8.19,15.38,55.92,2.44
429,1594439475,MG,sambava,19,85,-14.27,50.17,69.22,9.53
430,1594439475,TM,gazanjyk,24,53,39.24,55.52,85.08,9.46
431,1594439475,AU,geraldton,0,34,-28.77,114.6,66.2,20.8
432,1594439475,PG,namatanai,12,67,-3.67,152.43,85.62,10.63
433,1594439475,US,cape canaveral,75,88,28.41,-80.6,80.6,5.82
434,1594439476,AU,port macquarie,100,78,-31.43,152.92,66.0,6.06
435,1594439476,AU,port lincoln,74,71,-34.73,135.87,53.01,4.94
436,1594439476,PT,peniche,0,91,39.36,-9.38,62.01,1.01
437,1594439476,CA,blind river,75,88,46.18,-82.96,73.4,6.93
438,1594439476,SB,auki,52,81,-8.77,160.7,80.82,9.42
439,1594439476,CA,dauphin,1,82,51.15,-100.05,64.4,5.82
440,1594439476,BR,tutoia,12,86,-2.76,-42.27,77.76,11.21
441,1594439476,IN,yarada,40,74,17.65,83.27,87.8,8.05
442,1594439476,RU,yar-sale,97,50,66.83,70.83,64.56,5.53
443,1594439476,BR,maragogi,51,84,-9.01,-35.22,74.53,9.51
444,1594439476,PG,lorengau,98,79,-2.02,147.27,83.68,12.08
445,1594439476,BR,tres passos,13,95,-27.46,-53.93,54.0,6.26
446,1594439476,NA,luderitz,0,93,-26.65,15.16,51.8,3.36
447,1594439476,FR,plouzane,75,100,48.38,-4.62,51.8,4.7
448,1594439476,KZ,zhezkazgan,0,41,47.8,67.71,78.8,17.9
449,1594439476,AR,nueve de julio,12,83,-35.44,-60.88,39.0,6.53
450,1594439476,GB,hastings,0,81,50.86,0.57,52.0,1.99
451,1594439476,NO,oksfjord,100,87,70.24,22.35,48.99,5.82
452,1594439476,LY,sabha,0,32,27.04,14.43,77.38,10.58
453,1594439476,IN,kottapalli,100,64,18.48,79.1,85.8,8.95
454,1594439476,RU,anadyr,99,72,64.75,177.48,60.8,6.71
455,1594439477,IR,bandar-e lengeh,24,84,26.56,54.88,91.4,4.7
456,1594439477,JP,katsuura,75,83,35.13,140.3,87.01,17.22
457,1594439477,CL,coquimbo,0,93,-29.95,-71.34,51.8,4.7
458,1594439477,US,pierre,1,78,44.37,-100.35,73.4,8.05
459,1594439477,SO,kismayo,45,83,-0.36,42.55,77.13,11.45
460,1594439477,BY,malaryta,5,77,51.79,24.07,66.2,2.24
461,1594439477,MU,quatre cocos,75,88,-20.21,57.76,69.01,18.34
462,1594439477,RU,znamenskoye,15,58,57.13,73.83,71.98,6.49
463,1594439477,IN,gopalpur,100,64,19.27,84.92,88.56,7.63
464,1594439477,RU,yerbogachen,26,45,61.28,108.01,79.25,13.44
465,1594439477,US,weiser,1,28,44.25,-116.97,84.2,4.45
466,1594439316,CA,halifax,27,83,44.65,-63.57,66.99,4.52
467,1594439329,US,makakilo city,40,54,21.35,-158.09,84.2,10.29
468,1594439477,MX,pinos,20,64,22.3,-101.57,69.8,8.05
469,1594439198,BR,porto velho,1,94,-8.76,-63.9,73.4,1.12
470,1594439477,PE,lima,90,77,-12.04,-77.03,60.8,5.82
471,1594439477,AU,broken hill,40,58,-31.95,141.43,55.4,12.75
472,1594439477,BR,alegrete,100,82,-29.78,-55.79,57.83,5.5
473,1594439477,NO,hegra,75,93,63.46,11.11,50.0,6.93
474,1594439477,MN,baruun-urt,58,41,46.68,113.28,76.51,11.23
475,1594439478,SB,buala,32,74,-8.14,159.59,84.04,8.77
476,1594439478,MZ,inhambane,22,87,-23.86,35.38,71.24,13.67
477,1594439478,ID,sumenep,39,57,-7.02,113.87,85.46,9.78
478,1594439478,RU,kodinsk,5,52,58.69,99.18,66.51,14.05
479,1594439478,RU,berdigestyakh,27,49,62.1,126.7,79.3,7.78
480,1594439478,US,laguna,1,22,38.42,-121.42,93.2,8.05
481,1594439478,BR,santa isabel do rio negro,80,95,-0.41,-65.02,73.26,1.59
482,1594439478,CO,padilla,75,88,3.22,-76.31,68.0,5.82
483,1594439400,SA,najran,20,19,17.49,44.13,86.0,5.82
484,1594439478,NO,honningsvag,100,95,70.98,25.97,47.37,11.83
485,1594439478,GB,portree,100,80,57.41,-6.19,48.99,1.99
486,1594439478,ET,mizan teferi,84,86,6.98,35.58,61.03,2.46
487,1594439478,GL,qasigiannguit,58,81,68.82,-51.19,42.8,5.82
488,1594439478,HT,ananas,91,83,19.25,-71.96,72.59,3.29
489,1594439324,NP,pokhara,100,79,28.23,83.98,76.91,3.15
490,1594439478,IS,vestmannaeyjar,100,95,63.44,-20.27,51.44,5.19
491,1594439478,IN,mangan,100,56,27.52,88.53,79.66,4.09
492,1594439479,RE,saint-pierre,20,82,-21.34,55.48,62.6,6.93
493,1594439479,JO,busayra,0,64,30.74,35.61,66.72,4.65
494,1594439479,RU,bogotol,21,71,56.21,89.53,62.69,9.69
495,1594439302,AR,viedma,0,68,-40.81,-63.0,39.81,15.14
496,1594439479,TM,balkanabat,72,48,39.51,54.37,84.79,5.46
497,1594439479,NO,fauske,53,89,67.26,15.39,54.0,2.33
498,1594439479,ES,bereda,16,77,43.27,-7.54,63.0,6.93
499,1594439479,NO,mehamn,100,92,71.04,27.85,47.62,10.38
500,1594439479,SO,bandarbeyla,50,62,9.49,50.81,81.9,32.79
501,1594439479,GF,sinnamary,85,84,5.38,-52.95,78.39,8.41
502,1594439479,US,marathon,1,73,44.9,-89.77,71.6,8.05
503,1594439479,PT,areosa,0,88,41.72,-8.86,66.99,9.51
504,1594439479,JP,kamaishi,75,100,39.27,141.88,71.6,2.24
505,1594439479,AU,yulara,81,31,-25.24,130.99,57.2,9.17
506,1594439479,UZ,komsomolskiy,74,36,40.43,71.72,78.8,4.7
507,1594439333,CA,drayton valley,78,88,53.22,-114.99,56.73,6.98
508,1594439479,CA,stonewall,20,77,50.13,-97.33,68.0,5.82
509,1594439479,VN,dong hoi,100,49,17.48,106.6,94.51,7.43
510,1594439479,ZW,karoi,0,83,-16.81,29.69,57.42,5.55
511,1594439480,JP,ryotsu,75,83,38.08,138.43,78.8,5.82
512,1594439480,EG,aswan,63,27,24.09,32.91,83.19,7.4
513,1594439480,RU,sivaki,10,36,52.63,126.75,89.58,5.17
514,1594439480,AU,cairns,40,57,-16.92,145.77,80.6,14.99
515,1594439480,CN,xining,100,47,36.62,101.77,63.57,2.71
516,1594439480,GL,nuuk,64,81,64.18,-51.72,44.6,6.93
517,1594439480,MX,puerto escondido,100,82,15.85,-97.07,80.51,1.43
518,1594439480,BR,mar de espanha,99,94,-21.87,-43.01,59.16,4.99
519,1594439480,JP,nishihara,40,70,26.18,127.76,89.6,9.17
520,1594439480,CN,mujiayingzi,19,40,42.12,118.78,82.9,5.48
521,1594439480,GN,telimele,98,98,10.92,-13.33,69.93,2.01
522,1594439480,GL,maniitsoq,70,82,65.42,-52.9,41.74,6.76
523,1594439402,VG,road town,1,83,18.42,-64.62,82.99,18.01
524,1594439480,US,lompoc,0,87,34.64,-120.46,60.01,6.93
525,1594439480,ES,los llanos de aridane,90,73,28.66,-17.92,71.6,16.11
526,1594439480,CN,aksu,93,33,41.12,80.26,80.17,5.08
527,1594439481,PK,daud khel,0,27,32.88,71.57,101.26,15.28
528,1594439213,US,raymond,100,98,43.9,-70.47,70.0,1.01
529,1594439481,IN,pendra,99,84,22.77,81.95,77.76,5.97
530,1594439481,KZ,boralday,40,30,43.36,76.86,82.4,6.71
531,1594439481,UZ,kosonsoy,80,47,41.26,71.55,77.0,4.7
532,1594439481,VE,san cristobal,58,90,7.77,-72.22,64.26,2.95
533,1594439481,LY,awjilah,0,64,29.11,21.29,71.26,8.28
534,1594439481,RU,voznesenye,100,86,61.01,35.48,58.57,11.23
535,1594439481,BR,vila velha,52,77,-20.33,-40.29,70.0,6.93
536,1594439481,RU,staryy nadym,98,54,65.61,72.68,64.47,3.0
537,1594439439,CN,jiexiu,100,47,37.02,111.91,83.23,3.42
538,1594439481,BR,jaguaruna,0,72,-28.61,-49.03,55.62,5.88
539,1594439291,BR,jardim,0,80,-21.48,-56.14,66.24,3.15
540,1594439481,PT,camacha,40,77,33.08,-16.33,68.0,12.75
541,1594439481,US,bud,0,78,39.45,-86.18,75.0,8.99
542,1594439481,GF,grand-santi,93,97,4.25,-54.38,72.21,2.26
543,1594439481,GA,gamba,98,90,-2.65,10.0,71.94,6.33
544,1594439482,MR,nouadhibou,65,88,20.93,-17.03,68.0,17.22
545,1594439482,IN,pasighat,100,89,28.07,95.33,76.64,5.46
546,1594439482,LT,rusne,40,82,55.3,21.38,55.4,11.18
547,1594439482,MM,pathein,96,63,16.78,94.73,88.68,7.74
548,1594439482,ES,santander,90,88,43.46,-3.8,64.0,5.82
549,1594439482,RU,dergachi,100,81,51.23,48.77,70.88,15.52
550,1594439482,KG,toktogul,1,55,41.87,72.94,67.82,1.72
551,1594439482,NE,bilma,50,23,18.69,12.92,84.67,4.41
552,1594439482,CA,fort nelson,75,68,58.81,-122.7,69.8,5.75
553,1594439482,AU,yeppoon,75,50,-23.13,150.73,75.2,5.82
554,1594439482,RU,bilibino,100,57,68.05,166.44,68.11,2.59
555,1594439482,VN,dong xoai,82,64,11.53,106.92,87.94,3.65
556,1594439482,IT,lasa,75,93,46.62,10.7,55.4,8.05
557,1594439482,CN,korla,68,23,41.76,86.15,83.97,1.3
558,1594439482,GB,brae,83,93,60.4,-1.35,50.0,6.93
559,1594439483,MZ,mocuba,11,95,-16.84,36.99,62.92,4.94
560,1594439483,CO,gameza,96,88,5.8,-72.81,48.24,3.04
561,1594439483,RE,saint-leu,20,82,-21.15,55.28,66.2,6.93
562,1594439483,GB,lerwick,77,93,60.15,-1.15,50.0,6.93
563,1594439483,US,eloy,1,19,32.76,-111.55,104.0,9.17
564,1594439483,RU,gari,31,64,59.43,62.35,79.9,7.65
565,1594439483,AR,reconquista,100,74,-29.15,-59.65,59.99,7.4
566,1594439376,CA,capreol,75,88,46.71,-80.92,73.0,9.17
567,1594439483,AU,charters towers,92,60,-20.1,146.27,74.46,9.37
568,1594439483,SR,totness,77,87,5.88,-56.32,78.1,9.75
569,1594439483,IN,kannangad,40,88,12.31,75.11,78.8,1.12
570,1594439483,AF,farah,0,15,32.5,62.5,87.37,12.64
571,1594439385,AR,puerto madryn,18,61,-42.77,-65.04,42.6,23.89
572,1594439483,US,wasilla,90,93,61.58,-149.44,60.8,5.82
573,1594439484,AU,devonport,100,58,-41.17,146.35,57.99,1.99
574,1594439484,CA,shelburne,20,94,44.08,-80.2,69.8,2.89
575,1594439484,US,college,40,32,64.86,-147.8,69.8,9.17
576,1594439484,BR,barra da estiva,72,92,-13.63,-41.33,59.41,5.3
577,1594439442,LA,ban nahin,100,60,18.24,104.21,88.79,4.5
578,1594439484,NI,puerto cabezas,58,87,14.04,-83.39,78.58,8.01
579,1594439484,RU,verkhnevilyuysk,30,46,63.45,120.32,83.03,6.31
580,1594439484,US,portland,1,50,45.52,-122.68,75.2,6.93
581,1594439484,RU,vysha,21,71,53.85,42.38,62.94,2.8
582,1594439484,RU,deputatskiy,93,34,69.3,139.9,69.39,4.16
583,1594439484,PH,balabac,100,77,7.99,117.06,83.17,9.19
584,1594439484,HN,iralaya,50,83,15.0,-83.23,80.71,10.13
585,1594439484,IN,ramnagar,90,88,29.4,79.12,80.6,4.7
586,1594439484,CA,high level,20,77,58.52,-117.14,66.2,3.36
587,1594439484,CD,buta,100,97,2.79,24.73,69.19,1.95
588,1594439484,LT,pabrade,75,93,55.0,25.78,64.99,9.17
589,1594439484,RU,belyy yar,98,72,53.6,91.39,62.6,2.24
590,1594439484,VU,isangel,75,69,-19.55,169.27,77.0,11.41
591,1594439484,PH,pagudpud,40,70,18.56,120.79,89.6,5.82
592,1594439485,ES,coria,0,50,39.99,-6.54,70.56,5.37
593,1594439485,CM,batouri,100,98,4.43,14.37,67.66,2.64
594,1594439485,UA,novovasylivka,0,55,46.83,35.75,69.58,9.26
595,1594439485,CA,port-cartier,75,88,50.03,-66.87,62.6,10.29
